{
  "expert_order": [
    "madgan",
    "ganomaly",
    "hmm",
    "gdn_phase"
  ],
  "static_weights": [
    0.5752170085906982,
    0.2477894127368927,
    0.11104857921600342,
    0.06594502925872803
  ],
  "phase_static_weights": [
    [
      0.5561375617980957,
      0.36717653274536133,
      0.06869850307703018,
      0.007987391203641891
    ],
    [
      0.6145287156105042,
      0.20017245411872864,
      0.06421910971403122,
      0.12107974290847778
    ],
    [
      0.6485788822174072,
      0.06094379723072052,
      0.1935567855834961,
      0.09692053496837616
    ],
    [
      0.7310230135917664,
      0.08441995084285736,
      0.03602113947272301,
      0.14853589236736298
    ],
    [
      0.005275331437587738,
      0.3317834734916687,
      0.3176904022693634,
      0.34525078535079956
    ],
    [
      0.36893585324287415,
      0.02814878523349762,
      0.03766912594437599,
      0.5652462244033813
    ]
  ],
  "splits": {
    "val": {
      "single_madgan": {
        "auc_roc": 0.9295866618462307,
        "f1": 0.8888360762878023,
        "precision": 0.9186931957749939,
        "recall": 0.8608585567959489,
        "best_threshold": 0.05007708817720413,
        "n_samples": 17263,
        "n_anomalies": 8689
      },
      "single_ganomaly": {
        "auc_roc": 0.8992997817461452,
        "f1": 0.8229434806939004,
        "precision": 0.800893148894456,
        "recall": 0.8462423754171942,
        "best_threshold": -0.05646645277738571,
        "n_samples": 17263,
        "n_anomalies": 8689
      },
      "single_hmm": {
        "auc_roc": 0.798316246101349,
        "f1": 0.7618362483701272,
        "precision": 0.6251475796930342,
        "recall": 0.9750258948095293,
        "best_threshold": -0.46173548698425293,
        "n_samples": 17263,
        "n_anomalies": 8689
      },
      "single_gdn_phase": {
        "auc_roc": 0.9506391493761447,
        "f1": 0.919066102775042,
        "precision": 0.9253383107792814,
        "recall": 0.9128783519392335,
        "best_threshold": 0.006492600776255131,
        "n_samples": 17263,
        "n_anomalies": 8689
      },
      "average_fusion": {
        "auc_roc": 0.9323708421290317,
        "f1": 0.8757570611875247,
        "precision": 0.861661840053464,
        "recall": 0.8903210956381632,
        "best_threshold": 0.043191347271203995,
        "n_samples": 17263,
        "n_anomalies": 8689
      },
      "static_weighted": {
        "auc_roc": 0.9427150343023843,
        "f1": 0.8839207943789559,
        "precision": 0.8920534458509142,
        "recall": 0.8759350903441132,
        "best_threshold": 0.0754416361451149,
        "n_samples": 17263,
        "n_anomalies": 8689
      },
      "phase_static_weighted": {
        "auc_roc": 0.9459165261891873,
        "f1": 0.8970400464306443,
        "precision": 0.9048120828942747,
        "recall": 0.889400391299344,
        "best_threshold": 0.07343100011348724,
        "n_samples": 17263,
        "n_anomalies": 8689
      },
      "mlp_router": {
        "auc_roc": 0.9832801799464765,
        "f1": 0.9592942804428044,
        "precision": 0.9611785095320624,
        "recall": 0.9574174243296122,
        "best_threshold": 0.04677925258874893,
        "n_samples": 17263,
        "n_anomalies": 8689
      },
      "router_mean_weights": [
        0.26199352741241455,
        0.3787866532802582,
        0.16138549149036407,
        0.19782736897468567
      ],
      "router_phase_mean_weights": {
        "0": [
          0.0031365295872092247,
          0.3773234188556671,
          0.20506587624549866,
          0.4144738018512726
        ],
        "1": [
          0.33027705550193787,
          0.37623342871665955,
          0.17621693015098572,
          0.11727067083120346
        ],
        "2": [
          0.4468977451324463,
          0.24505947530269623,
          0.2103552520275116,
          0.09768683463335037
        ],
        "3": [
          0.2654113471508026,
          0.4597601890563965,
          0.09121537208557129,
          0.18361137807369232
        ],
        "4": [
          0.44377583265304565,
          0.22551484405994415,
          0.21267147362232208,
          0.11803757399320602
        ],
        "5": [
          0.055758729577064514,
          0.33140915632247925,
          0.21665075421333313,
          0.39618119597435
        ]
      }
    },
    "test_closed": {
      "single_madgan": {
        "auc_roc": 0.9168695269800902,
        "f1": 0.8788551268919995,
        "precision": 0.9301415236374586,
        "recall": 0.8329288680364558,
        "best_threshold": 0.046160466969013214,
        "n_samples": 69134,
        "n_anomalies": 37086
      },
      "single_ganomaly": {
        "auc_roc": 0.8544145333360311,
        "f1": 0.7930908426247487,
        "precision": 0.768781006378455,
        "recall": 0.8189882974707436,
        "best_threshold": -0.1627655029296875,
        "n_samples": 69134,
        "n_anomalies": 37086
      },
      "single_hmm": {
        "auc_roc": 0.8135992332215692,
        "f1": 0.7975093563283797,
        "precision": 0.6711175777221158,
        "recall": 0.982554063528016,
        "best_threshold": -0.45995762944221497,
        "n_samples": 69134,
        "n_anomalies": 37086
      },
      "single_gdn_phase": {
        "auc_roc": 0.9490971088835387,
        "f1": 0.9238373825194334,
        "precision": 0.9279845467406682,
        "recall": 0.9197271207463733,
        "best_threshold": -0.012102760374546051,
        "n_samples": 69134,
        "n_anomalies": 37086
      },
      "average_fusion": {
        "auc_roc": 0.9207381169758333,
        "f1": 0.8762513424999006,
        "precision": 0.8619987999895651,
        "recall": 0.8909831203149436,
        "best_threshold": -0.0023453086614608765,
        "n_samples": 69134,
        "n_anomalies": 37086
      },
      "static_weighted": {
        "auc_roc": 0.926086380476877,
        "f1": 0.8752235408876605,
        "precision": 0.8795131514458422,
        "recall": 0.8709755702960686,
        "best_threshold": 0.007292434573173523,
        "n_samples": 69134,
        "n_anomalies": 37086
      },
      "phase_static_weighted": {
        "auc_roc": 0.9259807674294522,
        "f1": 0.8889736222134462,
        "precision": 0.8980108399592813,
        "recall": 0.8801164860055007,
        "best_threshold": 0.016832776367664337,
        "n_samples": 69134,
        "n_anomalies": 37086
      },
      "mlp_router": {
        "auc_roc": 0.9610748158084288,
        "f1": 0.9355464958260532,
        "precision": 0.9630295763389288,
        "recall": 0.90958852397131,
        "best_threshold": 0.03300556167960167,
        "n_samples": 69134,
        "n_anomalies": 37086
      },
      "router_mean_weights": [
        0.2508241832256317,
        0.384781152009964,
        0.16457265615463257,
        0.1997969001531601
      ],
      "router_phase_mean_weights": {
        "0": [
          0.002242656657472253,
          0.3170779049396515,
          0.19170039892196655,
          0.48897814750671387
        ],
        "1": [
          0.3151710629463196,
          0.39076805114746094,
          0.18540553748607635,
          0.10864869505167007
        ],
        "2": [
          0.4092237651348114,
          0.3159138560295105,
          0.19763341546058655,
          0.0772261917591095
        ],
        "3": [
          0.27832281589508057,
          0.4647175371646881,
          0.09411809593439102,
          0.16283568739891052
        ],
        "4": [
          0.25369974970817566,
          0.32554757595062256,
          0.2141011655330658,
          0.20664909482002258
        ],
        "5": [
          0.16268165409564972,
          0.402490496635437,
          0.1675226390361786,
          0.267303466796875
        ]
      }
    },
    "test_open": {
      "single_madgan": {
        "auc_roc": 0.8570322339148505,
        "f1": 0.8337058069243451,
        "precision": 0.8475232774674115,