{
  "phase": {
    "val": {
      "global": {
        "auc_roc": 0.9428019879224401,
        "f1": 0.9175179499153582,
        "precision": 0.9309405354181474,
        "recall": 0.9044769248475083,
        "best_threshold": 12.702142715454102,
        "n_samples": 17263,
        "n_anomalies": 8689
      },
      "by_phase": {
        "hover": {
          "auc_roc": 0.8415243337985097,
          "f1": 0.8646986469864698,
          "precision": 0.9669876203576341,
          "recall": 0.7819799777530589,
          "best_threshold": 8.36223711729334,
          "n_samples": 2835,
          "n_anomalies": 1798
        },
        "waypoint": {
          "auc_roc": 0.9720307405136804,
          "f1": 0.9423076923076923,
          "precision": 0.8912207065407485,
          "recall": 0.9996076892899176,
          "best_threshold": 12.666828912557035,
          "n_samples": 5396,
          "n_anomalies": 2549
        },
        "velocity": {
          "auc_roc": 0.9571715888369652,
          "f1": 0.9512893982808023,
          "precision": 0.9154411764705882,
          "recall": 0.9900596421471173,
          "best_threshold": 12.264184039339508,
          "n_samples": 1779,
          "n_anomalies": 1006
        },
        "circling": {
          "auc_roc": 0.9806105417484069,
          "f1": 0.9412,
          "precision": 0.9116621464548624,
          "recall": 0.9727159983464242,
          "best_threshold": 9.61979060365935,
          "n_samples": 5484,
          "n_anomalies": 2419
        },
        "acce": {
          "auc_roc": 0.9799003096185908,
          "f1": 0.9914675767918089,
          "precision": 0.9847457627118644,
          "recall": 0.9982817869415808,
          "best_threshold": 31.677876813637255,
          "n_samples": 986,
          "n_anomalies": 582
        },
        "dece": {
          "auc_roc": 0.9911247334754798,
          "f1": 0.9517045454545454,
          "precision": 0.907859078590786,
          "recall": 1.0,
          "best_threshold": 16.33515872988422,
          "n_samples": 783,
          "n_anomalies": 335
        }
      }
    },
    "test_closed": {
      "global": {
        "auc_roc": 0.9376283953512109,
        "f1": 0.9094111259716355,
        "precision": 0.8934974369649502,
        "recall": 0.9259019576120369,
        "best_threshold": 9.422374725341797,
        "n_samples": 69134,
        "n_anomalies": 37086
      },
      "by_phase": {
        "hover": {
          "auc_roc": 0.8549227277519836,
          "f1": 0.8742906009484568,
          "precision": 0.9696499396447663,
          "recall": 0.7960079275198187,
          "best_threshold": 8.146255023722697,
          "n_samples": 10383,
          "n_anomalies": 7064
        },
        "waypoint": {
          "auc_roc": 0.9737067865053752,
          "f1": 0.9453111987118983,
          "precision": 0.906313211966358,
          "recall": 0.9878161986539801,
          "best_threshold": 12.62971380124553,
          "n_samples": 18606,
          "n_anomalies": 8618
        },
        "velocity": {
          "auc_roc": 0.971915035330833,
          "f1": 0.9533368550801198,
          "precision": 0.9245218579234973,
          "recall": 0.9840058160668848,
          "best_threshold": 6.754749954839731,
          "n_samples": 8782,
          "n_anomalies": 5502
        },
        "circling": {
          "auc_roc": 0.9665561465201835,
          "f1": 0.9248823494370644,
          "precision": 0.9025694686664342,
          "recall": 0.9483264109455167,
          "best_threshold": 9.42916425862247,
          "n_samples": 18579,
          "n_anomalies": 8186
        },
        "acce": {
          "auc_roc": 0.9572988601461709,
          "f1": 0.9758612608389969,
          "precision": 0.9788434414668548,
          "recall": 0.9728971962616823,
          "best_threshold": 11.120647039964368,
          "n_samples": 6693,
          "n_anomalies": 4280
        },
        "dece": {
          "auc_roc": 0.9045520017363508,
          "f1": 0.8887963348604748,
          "precision": 0.8497478099283249,
          "recall": 0.9316065192083819,
          "best_threshold": 7.178392698351341,
          "n_samples": 6091,
          "n_anomalies": 3436
        }
      }
    },
    "test_open": {
      "global": {
        "auc_roc": 0.8632699320180304,
        "f1": 0.8339977325092346,
        "precision": 0.8462851629184295,
        "recall": 0.8220620043258832,
        "best_threshold": 8.938039779663086,
        "n_samples": 27946,
        "n_anomalies": 13870
      },
      "by_phase": {
        "hover": {
          "auc_roc": 0.5171457678555522,
          "f1": 0.6838174273858921,
          "precision": 0.519546027742749,
          "recall": 1.0,
          "best_threshold": 1.3483931382921637,
          "n_samples": 3174,
          "n_anomalies": 1648
        },
        "waypoint": {
          "auc_roc": 0.9369736170021923,
          "f1": 0.9144866385372714,
          "precision": 0.857331223628692,
          "recall": 0.9798071127185051,
          "best_threshold": 13.369464995833695,
          "n_samples": 8049,
          "n_anomalies": 3318
        },
        "velocity": {
          "auc_roc": 0.9308017982253791,
          "f1": 0.9376304196614885,
          "precision": 0.887620719929763,
          "recall": 0.9936117936117936,
          "best_threshold": 6.8902608695647025,
          "n_samples": 3180,
          "n_anomalies": 2035
        },
        "circling": {
          "auc_roc": 0.9074187883415332,
          "f1": 0.8430358632193494,
          "precision": 0.8554502369668247,
          "recall": 0.830976652416968,
          "best_threshold": 8.976736534014364,
          "n_samples": 7412,
          "n_anomalies": 3041
        },
        "acce": {
          "auc_roc": 0.9450592979807151,
          "f1": 0.9177180471749863,
          "precision": 0.9835390946502057,
          "recall": 0.8601542416452442,
          "best_threshold": 9.09062567143207,
          "n_samples": 3021,
          "n_anomalies": 1945
        },
        "dece": {
          "auc_roc": 0.886171514442481,
          "f1": 0.8978536333074735,
          "precision": 0.875,
          "recall": 0.9219330855018587,
          "best_threshold": 6.851963509968639,
          "n_samples": 3110,
          "n_anomalies": 1883
        }
      }
    }
  }
}